variavel,descricao,unidade,origem,tipo,observacao,uso_treino,is_target,min,max,mean,std,missing
geracao_eolica_ne_mwmed,Variável geracao_eolica_ne_mwmed (não catalogada),desconhecida,desconhecida,desconhecido,Verificar manualmente,False,True,916.7222368070832,15465.297979055042,6051.038689540893,3461.1656976398453,0
vel_vento_100m_lat3.7S_lon41.1W,Variável vel_vento_100m_lat3.7S_lon41.1W (não catalogada),desconhecida,desconhecida,desconhecido,Verificar manualmente,True,False,1.566465874996829,9.084276188646284,5.119126143281176,1.6274894759053533,0
vel_vento_100m_lat3.1S_lon39.7W,Variável vel_vento_100m_lat3.1S_lon39.7W (não catalogada),desconhecida,desconhecida,desconhecido,Verificar manualmente,True,False,2.7391109883185947,10.970969725831075,7.759296324528918,2.0383499067971718,0
vel_vento_100m_lat5.1S_lon36.4W,Variável vel_vento_100m_lat5.1S_lon36.4W (não catalogada),desconhecida,desconhecida,desconhecido,Verificar manualmente,True,False,3.7007901620521686,10.552258043629868,7.807513991911927,1.5435354025479542,0
vel_vento_100m_lat6.2S_lon36.4W,Variável vel_vento_100m_lat6.2S_lon36.4W (não catalogada),desconhecida,desconhecida,desconhecido,Verificar manualmente,True,False,3.0427499586430837,9.24083135524948,6.820420119421086,1.364472766197466,0
vel_vento_100m_lat8.9S_lon37.4W,Variável vel_vento_100m_lat8.9S_lon37.4W (não catalogada),desconhecida,desconhecida,desconhecido,Verificar manualmente,True,False,2.444415624001687,7.344979834668916,5.208825812767481,0.8931673235762801,0
vel_vento_100m_lat11.0S_lon38.8W,Variável vel_vento_100m_lat11.0S_lon38.8W (não catalogada),desconhecida,desconhecida,desconhecido,Verificar manualmente,True,False,3.342548880369186,5.635622383144613,5.127139854439718,0.37555186217118747,0
vel_vento_100m_lat10.4S_lon41.0W,Variável vel_vento_100m_lat10.4S_lon41.0W (não catalogada),desconhecida,desconhecida,desconhecido,Verificar manualmente,True,False,1.7857067159464115,8.624249379893394,5.758802339839215,1.422335307924794,0
vel_vento_100m_lat11.7S_lon42.0W,Variável vel_vento_100m_lat11.7S_lon42.0W (não catalogada),desconhecida,desconhecida,desconhecido,Verificar manualmente,True,False,1.5646820750776376,7.517343213890044,5.203803670257078,1.2317641286304226,0
vel_vento_100m_lat14.1S_lon42.5W,Variável vel_vento_100m_lat14.1S_lon42.5W (não catalogada),desconhecida,desconhecida,desconhecido,Verificar manualmente,True,False,1.3029710494588729,7.100090819113766,4.772126636828341,1.2558924459498797,0
vel_vento_100m_lat8.1S_lon41.0W,Variável vel_vento_100m_lat8.1S_lon41.0W (não catalogada),desconhecida,desconhecida,desconhecido,Verificar manualmente,True,False,1.7283242558620295,9.81930155881764,5.976649685646079,2.1017047567975577,0
sp_lat3.7S_lon41.1W,Variável sp_lat3.7S_lon41.1W (não catalogada),desconhecida,desconhecida,desconhecido,Verificar manualmente,True,False,97434.36680238452,101136.8203125,98307.0125111422,1248.1946062657669,0
sp_lat3.1S_lon39.7W,Variável sp_lat3.1S_lon39.7W (não catalogada),desconhecida,desconhecida,desconhecido,Verificar manualmente,True,False,100936.1740572162,101437.88106523451,101161.38651660111,119.64238604807085,0
sp_lat5.1S_lon36.4W,Variável sp_lat5.1S_lon36.4W (não catalogada),desconhecida,desconhecida,desconhecido,Verificar manualmente,True,False,100627.41070830896,101269.78188222858,100908.32774551981,145.7347590485697,0
sp_lat6.2S_lon36.4W,Variável sp_lat6.2S_lon36.4W (não catalogada),desconhecida,desconhecida,desconhecido,Verificar manualmente,True,False,98135.70178749796,100248.203125,98833.95232606797,502.449112607025,0
sp_lat8.9S_lon37.4W,Variável sp_lat8.9S_lon37.4W (não catalogada),desconhecida,desconhecida,desconhecido,Verificar manualmente,True,False,93656.03555611496,96513.6052389706,94239.98859819748,702.8455782542903,0
sp_lat11.0S_lon38.8W,Variável sp_lat11.0S_lon38.8W (não catalogada),desconhecida,desconhecida,desconhecido,Verificar manualmente,True,False,97715.1710118836,98959.98583984376,98775.85784820451,323.536622649212,0
sp_lat10.4S_lon41.0W,Variável sp_lat10.4S_lon41.0W (não catalogada),desconhecida,desconhecida,desconhecido,Verificar manualmente,True,False,93557.54673425989,96176.28125,94397.97071085619,708.7308897750305,0
sp_lat11.7S_lon42.0W,Variável sp_lat11.7S_lon42.0W (não catalogada),desconhecida,desconhecida,desconhecido,Verificar manualmente,True,False,89616.125,93574.1964121458,92305.9245806054,1059.830843759924,0
sp_lat14.1S_lon42.5W,Variável sp_lat14.1S_lon42.5W (não catalogada),desconhecida,desconhecida,desconhecido,Verificar manualmente,True,False,92493.67965326416,93392.84572645117,92898.58592920828,210.07441504596744,0
sp_lat8.1S_lon41.0W,Variável sp_lat8.1S_lon41.0W (não catalogada),desconhecida,desconhecida,desconhecido,Verificar manualmente,True,False,94261.99999999996,95736.14120200288,94866.06477987223,377.0496544665793,0
t2m_lat3.7S_lon41.1W,Variável t2m_lat3.7S_lon41.1W (não catalogada),desconhecida,desconhecida,desconhecido,Verificar manualmente,True,False,297.8229888085225,301.652497752012,299.8106477175451,0.9337340324354281,0
t2m_lat3.1S_lon39.7W,Variável t2m_lat3.1S_lon39.7W (não catalogada),desconhecida,desconhecida,desconhecido,Verificar manualmente,True,False,299.23143073305954,301.09165159886714,300.04297943295666,0.36660463945520183,0
t2m_lat5.1S_lon36.4W,Variável t2m_lat5.1S_lon36.4W (não catalogada),desconhecida,desconhecida,desconhecido,Verificar manualmente,True,False,298.3802460808804,301.28793324996604,300.01147262215636,0.6342536108397564,0
t2m_lat6.2S_lon36.4W,Variável t2m_lat6.2S_lon36.4W (não catalogada),desconhecida,desconhecida,desconhecido,Verificar manualmente,True,False,297.43452141417714,301.3124279578661,299.68658497885866,0.9562434187255316,0
t2m_lat8.9S_lon37.4W,Variável t2m_lat8.9S_lon37.4W (não catalogada),desconhecida,desconhecida,desconhecido,Verificar manualmente,True,False,293.01639899461884,302.503028420841,297.12297374911117,1.8920386352410448,0
t2m_lat11.0S_lon38.8W,Variável t2m_lat11.0S_lon38.8W (não catalogada),desconhecida,desconhecida,desconhecido,Verificar manualmente,True,False,296.0224304199219,301.6774443494815,296.7541415720619,1.5401321741565586,0
t2m_lat10.4S_lon41.0W,Variável t2m_lat10.4S_lon41.0W (não catalogada),desconhecida,desconhecida,desconhecido,Verificar manualmente,True,False,294.7485412070814,303.5868835449219,298.3612787799958,1.8522663639644472,0
t2m_lat11.7S_lon42.0W,Variável t2m_lat11.7S_lon42.0W (não catalogada),desconhecida,desconhecida,desconhecido,Verificar manualmente,True,False,291.97576904296875,300.9210686216834,296.6349900357454,1.7946470583739957,0
t2m_lat14.1S_lon42.5W,Variável t2m_lat14.1S_lon42.5W (não catalogada),desconhecida,desconhecida,desconhecido,Verificar manualmente,True,False,292.5907714570323,300.3895799697262,296.9371750924977,1.7543890101869495,0
t2m_lat8.1S_lon41.0W,Variável t2m_lat8.1S_lon41.0W (não catalogada),desconhecida,desconhecida,desconhecido,Verificar manualmente,True,False,296.55132494825705,302.58812244925053,299.42672575246615,1.4732743046529164,0
sst_lat3.7S_lon41.1W,Variável sst_lat3.7S_lon41.1W (não catalogada),desconhecida,desconhecida,desconhecido,Verificar manualmente,True,False,299.78971835372914,302.8849381061378,301.19735788726274,0.7733631422488688,0
sst_lat3.1S_lon39.7W,Variável sst_lat3.1S_lon39.7W (não catalogada),desconhecida,desconhecida,desconhecido,Verificar manualmente,True,False,299.78971835372914,302.8849381061378,301.19735788726274,0.7733631422488688,0
sst_lat5.1S_lon36.4W,Variável sst_lat5.1S_lon36.4W (não catalogada),desconhecida,desconhecida,desconhecido,Verificar manualmente,True,False,299.5345713206193,303.1609703131948,301.06960658293866,0.9140117696684857,0
sst_lat6.2S_lon36.4W,Variável sst_lat6.2S_lon36.4W (não catalogada),desconhecida,desconhecida,desconhecido,Verificar manualmente,True,False,299.5345713206193,303.1609703131948,301.06960658293866,0.9140117696684857,0
sst_lat8.9S_lon37.4W,Variável sst_lat8.9S_lon37.4W (não catalogada),desconhecida,desconhecida,desconhecido,Verificar manualmente,True,False,299.5345713206193,303.1609703131948,301.0783448091211,0.9175240419546113,0
sst_lat11.0S_lon38.8W,Variável sst_lat11.0S_lon38.8W (não catalogada),desconhecida,desconhecida,desconhecido,Verificar manualmente,True,False,299.59122365894234,303.1609703131948,300.088263944178,0.7746625437948946,0
sst_lat10.4S_lon41.0W,Variável sst_lat10.4S_lon41.0W (não catalogada),desconhecida,desconhecida,desconhecido,Verificar manualmente,True,False,299.5345713206193,303.1609703131948,301.06960658293866,0.9140117696684857,0
sst_lat11.7S_lon42.0W,Variável sst_lat11.7S_lon42.0W (não catalogada),desconhecida,desconhecida,desconhecido,Verificar manualmente,True,False,299.5345713206193,303.1609703131948,301.06960658293866,0.9140117696684857,0
sst_lat14.1S_lon42.5W,Variável sst_lat14.1S_lon42.5W (não catalogada),desconhecida,desconhecida,desconhecido,Verificar manualmente,True,False,299.5345713206193,303.1609703131948,301.06960658293866,0.9140117696684857,0
sst_lat8.1S_lon41.0W,Variável sst_lat8.1S_lon41.0W (não catalogada),desconhecida,desconhecida,desconhecido,Verificar manualmente,True,False,299.78971835372914,302.8849381061378,301.1238606434947,0.8147445049740021,0
tp_lat3.7S_lon41.1W,Variável tp_lat3.7S_lon41.1W (não catalogada),desconhecida,desconhecida,desconhecido,Verificar manualmente,True,False,1.1344411006255602e-05,0.014767803661709284,0.0032738473740690564,0.004111807087614889,0
tp_lat3.1S_lon39.7W,Variável tp_lat3.1S_lon39.7W (não catalogada),desconhecida,desconhecida,desconhecido,Verificar manualmente,True,False,9.739411886758442e-05,0.02047619419177406,0.004174711306645131,0.0048111499075839965,0
tp_lat5.1S_lon36.4W,Variável tp_lat5.1S_lon36.4W (não catalogada),desconhecida,desconhecida,desconhecido,Verificar manualmente,True,False,0.00012550884645520801,0.010865856775771456,0.0024809083428575305,0.0025863199716293192,0
tp_lat6.2S_lon36.4W,Variável tp_lat6.2S_lon36.4W (não catalogada),desconhecida,desconhecida,desconhecido,Verificar manualmente,True,False,6.260610554835146e-05,0.00747889563624731,0.0016144501981662184,0.0017837409256200945,0
tp_lat8.9S_lon37.4W,Variável tp_lat8.9S_lon37.4W (não catalogada),desconhecida,desconhecida,desconhecido,Verificar manualmente,True,False,2.569119642086902e-05,0.006009630027769302,0.001252517023628566,0.0010658384296728806,0
tp_lat11.0S_lon38.8W,Variável tp_lat11.0S_lon38.8W (não catalogada),desconhecida,desconhecida,desconhecido,Verificar manualmente,True,False,0.00019713772835926248,0.0046383326971021505,0.0010584226107029193,0.000530541451455614,0
tp_lat10.4S_lon41.0W,Variável tp_lat10.4S_lon41.0W (não catalogada),desconhecida,desconhecida,desconhecido,Verificar manualmente,True,False,1.2391031106904696e-05,0.009706296223342788,0.0012203401116278171,0.0015350805325683864,0
tp_lat11.7S_lon42.0W,Variável tp_lat11.7S_lon42.0W (não catalogada),desconhecida,desconhecida,desconhecido,Verificar manualmente,True,False,6.503736019888144e-05,0.013663580282883427,0.0015490985021472277,0.0020485545749252447,0
tp_lat14.1S_lon42.5W,Variável tp_lat14.1S_lon42.5W (não catalogada),desconhecida,desconhecida,desconhecido,Verificar manualmente,True,False,1.6835391918036632e-06,0.0144954860199598,0.0019516713442742494,0.0028458981738377826,0
tp_lat8.1S_lon41.0W,Variável tp_lat8.1S_lon41.0W (não catalogada),desconhecida,desconhecida,desconhecido,Verificar manualmente,True,False,2.5169661914976688e-06,0.010011642973303016,0.0014772263755454815,0.0021145085784803914,0
zust_lat3.7S_lon41.1W,Variável zust_lat3.7S_lon41.1W (não catalogada),desconhecida,desconhecida,desconhecido,Verificar manualmente,True,False,0.1172681073878538,0.3952842354774475,0.23456529059117084,0.06589491723441099,0
zust_lat3.1S_lon39.7W,Variável zust_lat3.1S_lon39.7W (não catalogada),desconhecida,desconhecida,desconhecido,Verificar manualmente,True,False,0.1317457905595634,0.3844402198883621,0.2786681871350943,0.06710973191043382,0
zust_lat5.1S_lon36.4W,Variável zust_lat5.1S_lon36.4W (não catalogada),desconhecida,desconhecida,desconhecido,Verificar manualmente,True,False,0.1649860515759409,0.4155999890334148,0.3136651548812092,0.057427480314459156,0
zust_lat6.2S_lon36.4W,Variável zust_lat6.2S_lon36.4W (não catalogada),desconhecida,desconhecida,desconhecido,Verificar manualmente,True,False,0.1701899351993008,0.4541013504561153,0.33519608705660275,0.06389538045316796,0
zust_lat8.9S_lon37.4W,Variável zust_lat8.9S_lon37.4W (não catalogada),desconhecida,desconhecida,desconhecido,Verificar manualmente,True,False,0.1614952225171533,0.3423854726202348,0.2649231792977521,0.03727568717419549,0
zust_lat11.0S_lon38.8W,Variável zust_lat11.0S_lon38.8W (não catalogada),desconhecida,desconhecida,desconhecido,Verificar manualmente,True,False,0.1927087306976317,0.2787408663685031,0.24161608550690775,0.012841067720324248,0
zust_lat10.4S_lon41.0W,Variável zust_lat10.4S_lon41.0W (não catalogada),desconhecida,desconhecida,desconhecido,Verificar manualmente,True,False,0.1413538014414244,0.4028962876258564,0.2713251159374852,0.05908752157651471,0
zust_lat11.7S_lon42.0W,Variável zust_lat11.7S_lon42.0W (não catalogada),desconhecida,desconhecida,desconhecido,Verificar manualmente,True,False,0.1351877488758325,0.3328253198959521,0.2299790112807053,0.04486469073778317,0
zust_lat14.1S_lon42.5W,Variável zust_lat14.1S_lon42.5W (não catalogada),desconhecida,desconhecida,desconhecido,Verificar manualmente,True,False,0.1228346575450548,0.3029755942277231,0.20322998327823236,0.04218825538540838,0
zust_lat8.1S_lon41.0W,Variável zust_lat8.1S_lon41.0W (não catalogada),desconhecida,desconhecida,desconhecido,Verificar manualmente,True,False,0.1385485046979382,0.4706495530302114,0.2924137001398378,0.08878054298370686,0
capacidade_eolica_ne_mw,Variável capacidade_eolica_ne_mw (não catalogada),desconhecida,desconhecida,desconhecido,Verificar manualmente,True,False,3397.4252,28992.9952,13596.317783333334,7052.188160320385,0
carga_ne_mwmed,Variável carga_ne_mwmed (não catalogada),desconhecida,desconhecida,desconhecido,Verificar manualmente,True,False,9109.736863200444,13833.600749995529,10896.456250846075,1119.5101148334393,0
demanda_sin_mwmed,Variável demanda_sin_mwmed (não catalogada),desconhecida,desconhecida,desconhecido,Verificar manualmente,True,False,55955.37720296935,82766.53936350551,66682.54218687817,6458.478734970452,0
crescimento_capacidade_mw,Variável crescimento_capacidade_mw (não catalogada),desconhecida,desconhecida,desconhecido,Verificar manualmente,True,False,0.0,947.4000000000016,213.2964166666667,182.60652823220255,0
mes_sin,Componente senoidal do mês (sazonalidade),"adimensional [-1, 1]",Derivada (sin(2π*mês/12)),temporal_deterministico,"Não escalada, projetável para futuro",True,False,-1.0,1.0,-1.7673884368666808e-17,0.7100716024967263,0
mes_cos,Componente cossenoidal do mês (sazonalidade),"adimensional [-1, 1]",Derivada (cos(2π*mês/12)),temporal_deterministico,"Não escalada, projetável para futuro",True,False,-1.0,1.0,-4.593972948394045e-17,0.7100716024967263,0
regime_operacional,"Regime operacional do sistema (0=normal, 1=restrito)",categórica,Derivada (capacidade > threshold),categorica,Cenário: média histórica,True,False,0.0,3.0,1.6,1.1182218778342814,0
