mes,feature,mean,std,n_amostras
1,vel_vento_100m_lat3.7S_lon41.1W,4.5618435449531765,1.2570907043541464,10
2,vel_vento_100m_lat3.7S_lon41.1W,3.9126719867049458,1.2607242198832602,10
3,vel_vento_100m_lat3.7S_lon41.1W,3.1429373726348206,1.1382627512728989,10
4,vel_vento_100m_lat3.7S_lon41.1W,3.18562255149802,1.1275755635663256,10
5,vel_vento_100m_lat3.7S_lon41.1W,4.249964439074002,0.9918119495242613,10
6,vel_vento_100m_lat3.7S_lon41.1W,5.057786628827157,0.9316984309868745,10
7,vel_vento_100m_lat3.7S_lon41.1W,5.67197453972763,0.8581246010921811,10
8,vel_vento_100m_lat3.7S_lon41.1W,6.196525845729271,1.1231403676994567,10
9,vel_vento_100m_lat3.7S_lon41.1W,6.911443130526403,1.0603362753747099,10
10,vel_vento_100m_lat3.7S_lon41.1W,6.723455745858699,1.016428187779964,10
11,vel_vento_100m_lat3.7S_lon41.1W,6.143175256151901,1.1139057668218462,10
12,vel_vento_100m_lat3.7S_lon41.1W,5.672112677688093,1.0839449837234527,10
1,vel_vento_100m_lat3.1S_lon39.7W,6.627907506385417,1.00193756840547,10
2,vel_vento_100m_lat3.1S_lon39.7W,5.737156745470164,1.1625343978046527,10
3,vel_vento_100m_lat3.1S_lon39.7W,4.643701128002732,1.0938210105429478,10
4,vel_vento_100m_lat3.1S_lon39.7W,5.006442909391519,1.0655222390738228,10
5,vel_vento_100m_lat3.1S_lon39.7W,6.758248560856349,0.5566731090983327,10
6,vel_vento_100m_lat3.1S_lon39.7W,7.964991514906269,0.5812686982124169,10
7,vel_vento_100m_lat3.1S_lon39.7W,8.941351235801694,0.48027679383433697,10
8,vel_vento_100m_lat3.1S_lon39.7W,9.970472889543846,0.41901795507543416,10
9,vel_vento_100m_lat3.1S_lon39.7W,10.431575340374977,0.3229991762499393,10
10,vel_vento_100m_lat3.1S_lon39.7W,9.812239210942337,0.5366962795618513,10
11,vel_vento_100m_lat3.1S_lon39.7W,9.018642555053821,0.5998599306371541,10
12,vel_vento_100m_lat3.1S_lon39.7W,8.198826297617902,0.7295091002421973,10
1,vel_vento_100m_lat5.1S_lon36.4W,7.016962357844344,0.9342396258803884,10
2,vel_vento_100m_lat5.1S_lon36.4W,6.503852521020468,0.9019541742976098,10
3,vel_vento_100m_lat5.1S_lon36.4W,5.448758266329458,1.2378628217537404,10
4,vel_vento_100m_lat5.1S_lon36.4W,5.922469616770218,0.985395951648855,10
5,vel_vento_100m_lat5.1S_lon36.4W,6.9741468562907105,0.502235918025187,10
6,vel_vento_100m_lat5.1S_lon36.4W,7.814453023330273,0.6058005272334719,10
7,vel_vento_100m_lat5.1S_lon36.4W,8.725513413943233,0.43046248181317,10
8,vel_vento_100m_lat5.1S_lon36.4W,9.524367598864877,0.4954740423073915,10
9,vel_vento_100m_lat5.1S_lon36.4W,9.758277737081793,0.4970770921409431,10
10,vel_vento_100m_lat5.1S_lon36.4W,9.265596457033109,0.5199855436064518,10
11,vel_vento_100m_lat5.1S_lon36.4W,8.671627752821381,0.6119527669727021,10
12,vel_vento_100m_lat5.1S_lon36.4W,8.064142301613257,0.4253007885598534,10
1,vel_vento_100m_lat6.2S_lon36.4W,5.960738126195219,0.8786585836385999,10
2,vel_vento_100m_lat6.2S_lon36.4W,5.608816520171431,0.7711748987297743,10
3,vel_vento_100m_lat6.2S_lon36.4W,4.797366481405754,1.0806917871667536,10
4,vel_vento_100m_lat6.2S_lon36.4W,5.186588602956519,0.8047298223842505,10
5,vel_vento_100m_lat6.2S_lon36.4W,6.177136463790731,0.35107370957961354,10
6,vel_vento_100m_lat6.2S_lon36.4W,7.0170921632650245,0.4813345799820659,10
7,vel_vento_100m_lat6.2S_lon36.4W,7.823561928563278,0.3210092884038765,10
8,vel_vento_100m_lat6.2S_lon36.4W,8.450148966498167,0.3869634756752697,10
9,vel_vento_100m_lat6.2S_lon36.4W,8.544560067279372,0.42101143930450996,10
10,vel_vento_100m_lat6.2S_lon36.4W,7.992104063710739,0.47106226519939637,10
11,vel_vento_100m_lat6.2S_lon36.4W,7.408219899986877,0.6832271471425074,10
12,vel_vento_100m_lat6.2S_lon36.4W,6.87870814922991,0.4552592574927261,10
1,vel_vento_100m_lat8.9S_lon37.4W,4.53929407694579,0.6166428775008065,9
2,vel_vento_100m_lat8.9S_lon37.4W,4.527606918834089,0.5366768315819153,9
3,vel_vento_100m_lat8.9S_lon37.4W,4.151720476986896,0.8187169611993598,10
4,vel_vento_100m_lat8.9S_lon37.4W,4.249554733643981,0.6152784619561901,10
5,vel_vento_100m_lat8.9S_lon37.4W,4.836552557231414,0.5884434794598099,10
6,vel_vento_100m_lat8.9S_lon37.4W,5.474300889225761,0.5440587725733981,10
7,vel_vento_100m_lat8.9S_lon37.4W,5.999995056769657,0.7277580646407111,10
8,vel_vento_100m_lat8.9S_lon37.4W,6.078609163416692,0.53718771048426,10
9,vel_vento_100m_lat8.9S_lon37.4W,6.162410994465331,0.42577581120604185,10
10,vel_vento_100m_lat8.9S_lon37.4W,5.878447974386105,0.44195933028161194,10
11,vel_vento_100m_lat8.9S_lon37.4W,5.298230141148021,0.6714665310447585,10
12,vel_vento_100m_lat8.9S_lon37.4W,5.200342708007077,0.3886149585972757,10
1,vel_vento_100m_lat10.4S_lon41.0W,4.3715728134552005,1.6805094930232574,10
2,vel_vento_100m_lat10.4S_lon41.0W,4.398305391610291,1.0449060563790469,10
3,vel_vento_100m_lat10.4S_lon41.0W,4.473705091410804,1.122910140390493,10
4,vel_vento_100m_lat10.4S_lon41.0W,5.1574643753620455,0.8682268071307554,10
5,vel_vento_100m_lat10.4S_lon41.0W,6.258226239254703,0.6836264556697974,10
6,vel_vento_100m_lat10.4S_lon41.0W,6.91330813617634,0.45924575526822237,10
7,vel_vento_100m_lat10.4S_lon41.0W,7.279710975862857,0.6380272164233732,10
8,vel_vento_100m_lat10.4S_lon41.0W,7.172657081973574,0.49100953479075793,10
9,vel_vento_100m_lat10.4S_lon41.0W,7.058784661729737,0.5072208901700862,10
10,vel_vento_100m_lat10.4S_lon41.0W,6.232612476250646,0.7934589561239315,10
11,vel_vento_100m_lat10.4S_lon41.0W,5.065626355367148,0.9290119566975086,10
12,vel_vento_100m_lat10.4S_lon41.0W,4.723654479617232,0.9536250362304963,10
1,vel_vento_100m_lat11.7S_lon42.0W,4.012103719021069,1.415751597613386,10
2,vel_vento_100m_lat11.7S_lon42.0W,3.994313736879216,0.8347209443776239,10
3,vel_vento_100m_lat11.7S_lon42.0W,4.1396171617747335,1.0074660131321533,10
4,vel_vento_100m_lat11.7S_lon42.0W,4.690174828342072,0.6530171584046056,10
5,vel_vento_100m_lat11.7S_lon42.0W,5.391492269312656,0.3658597058687585,10
6,vel_vento_100m_lat11.7S_lon42.0W,6.161436831891562,0.41191844370619235,10
7,vel_vento_100m_lat11.7S_lon42.0W,6.507379254043494,0.4206130501537455,10
8,vel_vento_100m_lat11.7S_lon42.0W,6.471364604147359,0.4030905467538097,10
9,vel_vento_100m_lat11.7S_lon42.0W,6.5080041696947415,0.4343385988683518,10
10,vel_vento_100m_lat11.7S_lon42.0W,5.81348617644752,0.5500863939652061,10
11,vel_vento_100m_lat11.7S_lon42.0W,4.53712235855021,0.8347057874120211,10
12,vel_vento_100m_lat11.7S_lon42.0W,4.219148932980301,0.8529723488709994,10
1,vel_vento_100m_lat14.1S_lon42.5W,3.5838833917663573,1.5359332577528018,10
2,vel_vento_100m_lat14.1S_lon42.5W,3.52713192531816,0.9719328155999752,10
3,vel_vento_100m_lat14.1S_lon42.5W,4.03349184486708,0.9919155594254617,10
4,vel_vento_100m_lat14.1S_lon42.5W,4.615025688091129,0.6743975382655457,10
5,vel_vento_100m_lat14.1S_lon42.5W,4.991262667238944,0.5224464888309868,10
6,vel_vento_100m_lat14.1S_lon42.5W,5.6326540743680145,0.4805718643549266,10
7,vel_vento_100m_lat14.1S_lon42.5W,5.902655503736701,0.5726089070241074,10
8,vel_vento_100m_lat14.1S_lon42.5W,6.0206460092800045,0.4717856925997083,10
9,vel_vento_100m_lat14.1S_lon42.5W,6.10912694184926,0.39265129780406505,10
10,vel_vento_100m_lat14.1S_lon42.5W,5.405554336976505,0.6667230976096791,10
11,vel_vento_100m_lat14.1S_lon42.5W,3.9648167310054467,0.7549464862671641,10
12,vel_vento_100m_lat14.1S_lon42.5W,3.479270527442504,0.9608491086511609,10
1,vel_vento_100m_lat8.1S_lon41.0W,3.3776145137525777,1.0759861644880735,9
2,vel_vento_100m_lat8.1S_lon41.0W,3.4315135483706047,0.9251719098485738,9
3,vel_vento_100m_lat8.1S_lon41.0W,3.3872007512222404,0.9274795976090621,9
4,vel_vento_100m_lat8.1S_lon41.0W,4.635801415633754,0.707684342493271,9
5,vel_vento_100m_lat8.1S_lon41.0W,6.546615320368564,0.5776603847874904,9
6,vel_vento_100m_lat8.1S_lon41.0W,7.863219708822673,0.4108443215413179,9
7,vel_vento_100m_lat8.1S_lon41.0W,8.535379679962167,0.5218473394528284,9
8,vel_vento_100m_lat8.1S_lon41.0W,8.389909909808058,0.5701723003944853,10
9,vel_vento_100m_lat8.1S_lon41.0W,7.765147265652077,0.8276655281939905,10
10,vel_vento_100m_lat8.1S_lon41.0W,6.240618792841142,0.7569803834680944,10
11,vel_vento_100m_lat8.1S_lon41.0W,4.731056925751111,0.7014771927872832,10
12,vel_vento_100m_lat8.1S_lon41.0W,4.490305630714309,0.5871125714082034,10
1,t2m_lat3.7S_lon41.1W,299.76105843008065,0.7695330622534301,10
2,t2m_lat3.7S_lon41.1W,299.2286252335093,0.7026062098495975,10
3,t2m_lat3.7S_lon41.1W,298.9183341010302,0.8305500236972508,10
4,t2m_lat3.7S_lon41.1W,299.0390624829505,0.7599392900818182,10
5,t2m_lat3.7S_lon41.1W,299.4279256180125,0.8050510556383834,10
6,t2m_lat3.7S_lon41.1W,299.41096274947756,0.9102852330312651,10
7,t2m_lat3.7S_lon41.1W,299.4886186840573,0.7513649080803478,10
8,t2m_lat3.7S_lon41.1W,299.87993048725605,0.6656637170600869,10
9,t2m_lat3.7S_lon41.1W,300.39381043129396,0.4666937891116472,10
10,t2m_lat3.7S_lon41.1W,300.7702230904344,0.40841081896853443,10
11,t2m_lat3.7S_lon41.1W,300.84824035480244,0.5189728421982723,10
12,t2m_lat3.7S_lon41.1W,300.56098094763604,0.6539028760531184,10
1,t2m_lat3.1S_lon39.7W,300.1194436353453,0.3839109070765258,10
2,t2m_lat3.1S_lon39.7W,299.9241084963325,0.33481766054059475,10
3,t2m_lat3.1S_lon39.7W,299.89641241997583,0.3960766425808242,10
4,t2m_lat3.1S_lon39.7W,300.03453749116915,0.3477722963085637,10
5,t2m_lat3.1S_lon39.7W,300.40401982641833,0.28784509861508,10
6,t2m_lat3.1S_lon39.7W,300.1794471058603,0.2631872448543379,10
7,t2m_lat3.1S_lon39.7W,299.83613470346637,0.20208087903976268,10
8,t2m_lat3.1S_lon39.7W,299.6811345083271,0.14782171658455467,10
9,t2m_lat3.1S_lon39.7W,299.676427607305,0.18709453870254517,10
10,t2m_lat3.1S_lon39.7W,299.99891034040206,0.20112914137986213,10
11,t2m_lat3.1S_lon39.7W,300.33563656143394,0.2485717233780147,10
12,t2m_lat3.1S_lon39.7W,300.4295404994441,0.26523779054961066,10
1,t2m_lat5.1S_lon36.4W,300.49127883224565,0.3521788581983253,10
2,t2m_lat5.1S_lon36.4W,300.5473050584421,0.3077775195094121,10
3,t2m_lat5.1S_lon36.4W,300.3640248525941,0.36943874451692277,10
4,t2m_lat5.1S_lon36.4W,300.30190219323975,0.2958718292788098,10
5,t2m_lat5.1S_lon36.4W,300.20948848950525,0.32878562972415054,10
6,t2m_lat5.1S_lon36.4W,299.5416168441958,0.24150340463516418,10
7,t2m_lat5.1S_lon36.4W,298.9600455181358,0.34707877590356606,10
8,t2m_lat5.1S_lon36.4W,299.0993538758359,0.20936634951886618,10
9,t2m_lat5.1S_lon36.4W,299.44227429768387,0.22486363765622638,10
10,t2m_lat5.1S_lon36.4W,300.0365824131783,0.24655204010564222,10
11,t2m_lat5.1S_lon36.4W,300.4804667691037,0.2618723261058576,10
12,t2m_lat5.1S_lon36.4W,300.6633323217166,0.20031559635030782,10
1,t2m_lat6.2S_lon36.4W,300.5300638833979,0.37334367982401623,10
2,t2m_lat6.2S_lon36.4W,300.4574410851066,0.3365469533274085,10
3,t2m_lat6.2S_lon36.4W,300.0163566933666,0.4395600488031386,10
4,t2m_lat6.2S_lon36.4W,299.6975308894606,0.4005474309917485,10
5,t2m_lat6.2S_lon36.4W,299.407915194429,0.5141690325393198,10
6,t2m_lat6.2S_lon36.4W,298.60519570877824,0.44778380153873315,10
7,t2m_lat6.2S_lon36.4W,298.07280973671976,0.49784869563976203,10
8,t2m_lat6.2S_lon36.4W,298.5760601059489,0.43881462708613217,10
9,t2m_lat6.2S_lon36.4W,299.25683355242415,0.3320377050396227,10
10,t2m_lat6.2S_lon36.4W,300.15111926887874,0.32213911388449773,10
11,t2m_lat6.2S_lon36.4W,300.69561857302347,0.36461227864632517,10
12,t2m_lat6.2S_lon36.4W,300.77207505477065,0.35374132719872853,10
1,t2m_lat8.9S_lon37.4W,298.2058794190318,0.5783746400623354,9
2,t2m_lat8.9S_lon37.4W,298.44394324683697,0.3445335547158966,9
3,t2m_lat8.9S_lon37.4W,298.5017082410608,1.0342957844326393,10
4,t2m_lat8.9S_lon37.4W,297.84108382995527,1.2882421613787507,10
5,t2m_lat8.9S_lon37.4W,296.61086474292114,1.0815061667976882,10
6,t2m_lat8.9S_lon37.4W,295.1445302619651,0.7772076297770731,10
7,t2m_lat8.9S_lon37.4W,294.35837701956495,0.9123541975087107,10
8,t2m_lat8.9S_lon37.4W,294.81094022644226,0.9549064914444586,10
9,t2m_lat8.9S_lon37.4W,296.05095884293075,1.2032744318038167,10
10,t2m_lat8.9S_lon37.4W,297.7097095675118,0.9802552066567801,10
11,t2m_lat8.9S_lon37.4W,298.61887397866474,1.4689683125756339,10
12,t2m_lat8.9S_lon37.4W,298.61361653281494,1.1051005937276412,10
1,t2m_lat10.4S_lon41.0W,299.3798815114328,1.4325949166329515,10
2,t2m_lat10.4S_lon41.0W,299.3566704525192,0.9562832482179751,10
3,t2m_lat10.4S_lon41.0W,299.49825723773716,1.1252524642261443,10
4,t2m_lat10.4S_lon41.0W,298.94755515283947,1.0434753033751738,10
5,t2m_lat10.4S_lon41.0W,297.7394965890197,1.031590113846776,10
6,t2m_lat10.4S_lon41.0W,296.35202715055533,0.8710740626030281,10
7,t2m_lat10.4S_lon41.0W,295.7073187549744,0.9937979245423534,10
8,t2m_lat10.4S_lon41.0W,296.36507244668684,1.0775545017379413,10
9,t2m_lat10.4S_lon41.0W,297.9615494744385,1.2603358431017309,10
10,t2m_lat10.4S_lon41.0W,299.7653892574961,0.8327021551726234,10
11,t2m_lat10.4S_lon41.0W,299.62963457906756,1.911929944824526,10
12,t2m_lat10.4S_lon41.0W,299.6324927531829,1.7149531781601302,10
1,t2m_lat11.7S_lon42.0W,297.41157030453223,1.3857257814566033,10
2,t2m_lat11.7S_lon42.0W,297.3600033623757,1.2549474072273057,10
3,t2m_lat11.7S_lon42.0W,297.51629403804515,1.0285739158909837,10
4,t2m_lat11.7S_lon42.0W,296.9764086827774,1.0512376672016734,10
5,t2m_lat11.7S_lon42.0W,296.09776281183787,1.1088690613095356,10
6,t2m_lat11.7S_lon42.0W,294.84519560098545,0.9283340992572525,10
7,t2m_lat11.7S_lon42.0W,294.0236084573858,1.0256912571930294,10
8,t2m_lat11.7S_lon42.0W,294.8094522409705,1.2517835726554263,10
9,t2m_lat11.7S_lon42.0W,296.4022406374683,1.1983616218270114,10
10,t2m_lat11.7S_lon42.0W,298.28977884686304,1.1829809601118748,10
11,t2m_lat11.7S_lon42.0W,297.77550544894103,1.5297449799648626,10
12,t2m_lat11.7S_lon42.0W,298.11205999676224,1.631748521624704,10
1,t2m_lat14.1S_lon42.5W,297.86934759021926,0.8586633283041712,10
2,t2m_lat14.1S_lon42.5W,297.7334145588781,0.7464797622355647,10
3,t2m_lat14.1S_lon42.5W,298.0880646153084,0.8477840202474612,10
4,t2m_lat14.1S_lon42.5W,297.3793776340352,0.6507668614774125,10
5,t2m_lat14.1S_lon42.5W,296.0117974828344,0.7669231888061252,10
6,t2m_lat14.1S_lon42.5W,294.72702258587844,0.6380150671202762,10
7,t2m_lat14.1S_lon42.5W,294.0754258488844,0.6790097298152931,10
8,t2m_lat14.1S_lon42.5W,295.2871071440769,0.7995038329259505,10
9,t2m_lat14.1S_lon42.5W,297.2021131470923,1.044987114124411,10
10,t2m_lat14.1S_lon42.5W,298.9835992596387,0.56702622918978,10
11,t2m_lat14.1S_lon42.5W,297.8731180197178,1.7580785831542554,10
12,t2m_lat14.1S_lon42.5W,298.0157132234084,1.673346770912746,10
1,t2m_lat8.1S_lon41.0W,299.3064316039584,0.848751915474717,9
2,t2m_lat8.1S_lon41.0W,298.8973635051512,0.46965155177436385,9
3,t2m_lat8.1S_lon41.0W,298.68964643949664,0.5905803640852721,9
4,t2m_lat8.1S_lon41.0W,298.72641842299873,0.6741627766335034,9
5,t2m_lat8.1S_lon41.0W,298.70480466219203,0.7033529814639486,9
6,t2m_lat8.1S_lon41.0W,297.9563659216817,0.5303033819898098,9
7,t2m_lat8.1S_lon41.0W,297.67722182749117,0.6150677029751538,9
8,t2m_lat8.1S_lon41.0W,298.81061048200695,0.553337765115945,10
9,t2m_lat8.1S_lon41.0W,300.454898908196,0.8312043089881668,10
10,t2m_lat8.1S_lon41.0W,301.8931006386519,0.43179222106880044,10
11,t2m_lat8.1S_lon41.0W,301.2722724065908,1.3251601307922154,10
12,t2m_lat8.1S_lon41.0W,300.6414497424446,1.3836279319667004,10
1,sp_lat3.7S_lon41.1W,98353.24180891136,1363.675793796731,10
2,sp_lat3.7S_lon41.1W,98340.03137686285,1358.1143741204924,10
3,sp_lat3.7S_lon41.1W,98351.5080985202,1358.213120387137,10
4,sp_lat3.7S_lon41.1W,98350.58224965932,1348.0129699420672,10
5,sp_lat3.7S_lon41.1W,98436.91740885326,1357.4303726793003,10
6,sp_lat3.7S_lon41.1W,98505.34525089091,1383.6314244481523,10
7,sp_lat3.7S_lon41.1W,98530.90373250721,1359.3280525402079,10
8,sp_lat3.7S_lon41.1W,98488.34293157305,1353.584268303445,10
9,sp_lat3.7S_lon41.1W,98398.23081051072,1380.7591516046712,10
10,sp_lat3.7S_lon41.1W,98076.97448480228,1071.3810320546804,10
11,sp_lat3.7S_lon41.1W,97910.70706824906,1029.9925075854217,10
12,sp_lat3.7S_lon41.1W,97941.36491236603,1062.156724307936,10
1,sp_lat3.1S_lon39.7W,101104.11053338283,57.20120067875155,10
2,sp_lat3.1S_lon39.7W,101079.66559108256,47.0495814617715,10
3,sp_lat3.1S_lon39.7W,101084.43981767466,48.355516255638896,10
4,sp_lat3.1S_lon39.7W,101082.43253474473,40.269130848202344,10
5,sp_lat3.1S_lon39.7W,101177.4587453909,45.8617090922699,10
6,sp_lat3.1S_lon39.7W,101291.10926220765,50.254277964089354,10
7,sp_lat3.1S_lon39.7W,101349.11970826014,52.2065798681709,10
8,sp_lat3.1S_lon39.7W,101325.52136556836,55.85902635444243,10
9,sp_lat3.1S_lon39.7W,101248.37510203767,36.61493049163172,10
10,sp_lat3.1S_lon39.7W,101130.56804675024,47.51656397863134,10
11,sp_lat3.1S_lon39.7W,101025.56568160404,39.96470783192183,10
12,sp_lat3.1S_lon39.7W,101038.27181050953,68.56499532561924,10
1,sp_lat5.1S_lon36.4W,100837.55541364546,53.962972420222975,10
2,sp_lat5.1S_lon36.4W,100791.20245804734,47.94261853632298,10
3,sp_lat5.1S_lon36.4W,100788.72557738652,66.42969302085744,10
4,sp_lat5.1S_lon36.4W,100792.77899246383,79.11175021224985,10
5,sp_lat5.1S_lon36.4W,100911.34976755588,81.85041169281988,10
6,sp_lat5.1S_lon36.4W,101046.11932138675,79.58428653301574,10
7,sp_lat5.1S_lon36.4W,101125.6635671033,49.707365783481066,10
8,sp_lat5.1S_lon36.4W,101115.0208054836,69.77271462698458,10
9,sp_lat5.1S_lon36.4W,101033.93495505715,63.91660505412036,10
10,sp_lat5.1S_lon36.4W,100897.71809288705,56.81861411646024,10
11,sp_lat5.1S_lon36.4W,100778.73119645324,46.811375179043395,10
12,sp_lat5.1S_lon36.4W,100781.13279876755,90.41204138454657,10
1,sp_lat6.2S_lon36.4W,98853.98868254507,639.1886088508953,10
2,sp_lat6.2S_lon36.4W,98747.10149645057,494.96080244157554,10
3,sp_lat6.2S_lon36.4W,98720.76581823763,489.0169048960889,10
4,sp_lat6.2S_lon36.4W,98725.13057348554,493.14991840744796,10
5,sp_lat6.2S_lon36.4W,98845.16453974659,475.5372016913812,10
6,sp_lat6.2S_lon36.4W,98981.20289073988,498.64224922417935,10
7,sp_lat6.2S_lon36.4W,99057.4773838272,474.03487183068347,10
8,sp_lat6.2S_lon36.4W,99022.17421436598,487.6984212491356,10
9,sp_lat6.2S_lon36.4W,98930.23409448899,488.22354327868305,10
10,sp_lat6.2S_lon36.4W,98780.26170779667,512.4699840188332,10
11,sp_lat6.2S_lon36.4W,98664.26021567898,494.6438218252553,10
12,sp_lat6.2S_lon36.4W,98679.66629545263,540.2395002827658,10
1,sp_lat8.9S_lon37.4W,93919.63410080379,174.7713398179519,9
2,sp_lat8.9S_lon37.4W,93897.87236888573,206.2655526405305,9
3,sp_lat8.9S_lon37.4W,94118.51551214037,709.9220362307022,10
4,sp_lat8.9S_lon37.4W,94148.03727245629,696.90938181505,10
5,sp_lat8.9S_lon37.4W,94293.49005570018,709.5587125225106,10
6,sp_lat8.9S_lon37.4W,94412.20185565294,737.5819276258427,10
7,sp_lat8.9S_lon37.4W,94490.49857212875,729.9981348883491,10
8,sp_lat8.9S_lon37.4W,94470.9137136717,725.024073848914,10
9,sp_lat8.9S_lon37.4W,94368.22378348043,708.2968703934057,10
10,sp_lat8.9S_lon37.4W,94196.78236337184,743.7524250170451,10
11,sp_lat8.9S_lon37.4W,94056.96898689456,705.529326955792,10
12,sp_lat8.9S_lon37.4W,94073.7435305933,756.5151305928433,10
1,sp_lat10.4S_lon41.0W,94321.76652171098,713.1294231577189,10
2,sp_lat10.4S_lon41.0W,94296.79625513055,703.1016092108896,10
3,sp_lat10.4S_lon41.0W,94291.4730824186,708.5027879504611,10
4,sp_lat10.4S_lon41.0W,94339.12672137143,742.6433497750297,10
5,sp_lat10.4S_lon41.0W,94486.78926473812,740.7549294272523,10
6,sp_lat10.4S_lon41.0W,94639.87415689058,766.7995001348445,10
7,sp_lat10.4S_lon41.0W,94716.35176439933,757.0945197530633,10
8,sp_lat10.4S_lon41.0W,94656.73136825548,727.0907901057237,10
9,sp_lat10.4S_lon41.0W,94504.71789962628,720.2014838133781,10
10,sp_lat10.4S_lon41.0W,94290.14359287446,729.87408001048,10
11,sp_lat10.4S_lon41.0W,94145.00329240072,679.0825214042477,10
12,sp_lat10.4S_lon41.0W,94086.8746104578,578.5327092945765,10
1,sp_lat11.7S_lon42.0W,91996.65685164937,1201.1551983722977,10
2,sp_lat11.7S_lon42.0W,92020.10514342386,1195.491242306412,10
3,sp_lat11.7S_lon42.0W,92014.64384225252,1184.1734798406806,10
4,sp_lat11.7S_lon42.0W,92054.75071165312,1185.5586574567956,10
5,sp_lat11.7S_lon42.0W,92458.93885292756,1036.8410898009186,10
6,sp_lat11.7S_lon42.0W,92608.70291317938,1037.0156894670674,10
7,sp_lat11.7S_lon42.0W,92657.45199846456,1032.7760322478061,10
8,sp_lat11.7S_lon42.0W,92621.30674292913,1061.8270279116468,10
9,sp_lat11.7S_lon42.0W,92487.86061973157,1041.1873708768508,10
10,sp_lat11.7S_lon42.0W,92290.73415476254,1010.1612602739053,10
11,sp_lat11.7S_lon42.0W,92199.5381922207,1060.8556379484817,10
12,sp_lat11.7S_lon42.0W,92260.40494407037,899.1560013453302,10
1,sp_lat14.1S_lon42.5W,92756.59025329418,98.75881503474527,10
2,sp_lat14.1S_lon42.5W,92754.32318792625,56.0559728026576,10
3,sp_lat14.1S_lon42.5W,92763.94830731615,91.63709119613449,10
4,sp_lat14.1S_lon42.5W,92827.60002718403,105.2360653367859,10
5,sp_lat14.1S_lon42.5W,92998.82695285584,96.95672195414393,10
6,sp_lat14.1S_lon42.5W,93148.31045665685,82.89360878208397,10
7,sp_lat14.1S_lon42.5W,93224.8555440822,98.9182685851389,10
8,sp_lat14.1S_lon42.5W,93144.73758461195,133.22810607508887,10
9,sp_lat14.1S_lon42.5W,92995.79209029369,145.0804570201298,10
10,sp_lat14.1S_lon42.5W,92788.03871424412,86.51701618290095,10
11,sp_lat14.1S_lon42.5W,92683.06924267809,109.60880185959029,10
12,sp_lat14.1S_lon42.5W,92696.93878935595,92.73518963502696,10
1,sp_lat8.1S_lon41.0W,94789.91618121642,370.2388619337303,9
2,sp_lat8.1S_lon41.0W,94787.63041966871,373.49618880244117,9
3,sp_lat8.1S_lon41.0W,94801.99860653817,356.66013139695053,9
4,sp_lat8.1S_lon41.0W,94827.94361025491,341.5016043890068,9
5,sp_lat8.1S_lon41.0W,94964.02070979898,369.9008127218544,9
6,sp_lat8.1S_lon41.0W,95094.08137830674,360.18562266347493,9
7,sp_lat8.1S_lon41.0W,95162.1655762867,391.1343804759975,9
8,sp_lat8.1S_lon41.0W,95062.31683071879,394.0927129260582,10
9,sp_lat8.1S_lon41.0W,94935.98850751796,382.0469016833196,10
10,sp_lat8.1S_lon41.0W,94769.2676931895,374.7178544952694,10
11,sp_lat8.1S_lon41.0W,94671.5785696066,389.47556337189127,10
12,sp_lat8.1S_lon41.0W,94723.53242357042,345.9019685686851,10
1,tp_lat3.7S_lon41.1W,0.00468204977322901,0.0026171337233600327,10
2,tp_lat3.7S_lon41.1W,0.00819225929639798,0.003330537300362129,10
3,tp_lat3.7S_lon41.1W,0.01052902783076712,0.003093602592731898,10
4,tp_lat3.7S_lon41.1W,0.00931453577927263,0.00283294983666814,10
5,tp_lat3.7S_lon41.1W,0.0029382295442096397,0.00083307716616061,10
6,tp_lat3.7S_lon41.1W,0.00099218375311715,0.0006099954298083811,10
7,tp_lat3.7S_lon41.1W,0.0004997590369267751,0.000391714972406199,10
8,tp_lat3.7S_lon41.1W,6.71449820617622e-05,4.334106363709724e-05,10
9,tp_lat3.7S_lon41.1W,6.661859482500931e-05,4.1535894989533576e-05,10
10,tp_lat3.7S_lon41.1W,0.0002427197062372974,0.0003797781858032377,10
11,tp_lat3.7S_lon41.1W,0.0004907976606113583,0.0005587988260001083,10
12,tp_lat3.7S_lon41.1W,0.0014363156149838998,0.0009668241944384712,10
1,tp_lat3.1S_lon39.7W,0.004234860715124271,0.00272175517807577,10
2,tp_lat3.1S_lon39.7W,0.009427874776647199,0.00533496465560048,10
3,tp_lat3.1S_lon39.7W,0.010628423960108069,0.004069391333161915,10
4,tp_lat3.1S_lon39.7W,0.012100006244543288,0.004420074282659192,10
5,tp_lat3.1S_lon39.7W,0.00603844410855955,0.0025477579586341923,10
6,tp_lat3.1S_lon39.7W,0.002872850531957,0.0009286613984719798,10
7,tp_lat3.1S_lon39.7W,0.00181373952087867,0.0009746336837517429,10
8,tp_lat3.1S_lon39.7W,0.00037381912847514,0.00016108415547233502,10
9,tp_lat3.1S_lon39.7W,0.00028682753201775567,0.00010914625482529231,10
10,tp_lat3.1S_lon39.7W,0.00031814990695662996,0.00013399775537497872,10
11,tp_lat3.1S_lon39.7W,0.00057025308033753,0.0003199544989331028,10
12,tp_lat3.1S_lon39.7W,0.00167461841435046,0.0009475223203438155,10
1,tp_lat5.1S_lon36.4W,0.00233183992045732,0.00149938202647789,10
2,tp_lat5.1S_lon36.4W,0.004091022787161501,0.002032897099300126,10
3,tp_lat5.1S_lon36.4W,0.0067548587455729505,0.002953392163959718,10
4,tp_lat5.1S_lon36.4W,0.00550216383525025,0.0016028069322853267,10
5,tp_lat5.1S_lon36.4W,0.0039902078330729595,0.002514442471789331,10
6,tp_lat5.1S_lon36.4W,0.00245797597226793,0.0013422938264225205,10
7,tp_lat5.1S_lon36.4W,0.0024620024568590302,0.0020226380263260843,10
8,tp_lat5.1S_lon36.4W,0.00037513460059728003,0.00010141141913806205,10
9,tp_lat5.1S_lon36.4W,0.00029691251325847997,8.153244392265594e-05,10
10,tp_lat5.1S_lon36.4W,0.00028719062676404994,0.00012478329080788008,10
11,tp_lat5.1S_lon36.4W,0.00039086396947204006,0.00026016184398175294,10
12,tp_lat5.1S_lon36.4W,0.00090762624152213,0.00034011914936996854,10
1,tp_lat6.2S_lon36.4W,0.0018116066516896997,0.0012715135476355204,10
2,tp_lat6.2S_lon36.4W,0.00299489458543133,0.0015977523158441993,10
3,tp_lat6.2S_lon36.4W,0.0047406998903682905,0.002114202941443751,10
4,tp_lat6.2S_lon36.4W,0.00301097802655756,0.0011047087444212712,10
5,tp_lat6.2S_lon36.4W,0.00261934315864014,0.0020077981643432633,10
6,tp_lat6.2S_lon36.4W,0.00137573794864105,0.0008458594852189933,10
7,tp_lat6.2S_lon36.4W,0.00140507869196763,0.0011023854696823614,10
8,tp_lat6.2S_lon36.4W,0.00019582452775533,9.26863637702837e-05,10
9,tp_lat6.2S_lon36.4W,0.00017337208255486424,7.192364786645931e-05,10
10,tp_lat6.2S_lon36.4W,0.00017148096457442002,6.107734627232982e-05,10
11,tp_lat6.2S_lon36.4W,0.0002458510667782669,0.00016201029672567095,10
12,tp_lat6.2S_lon36.4W,0.0006631589953467501,0.00027780767538453853,10
1,tp_lat8.9S_lon37.4W,0.0014631955319591556,0.0008269664314225775,9
2,tp_lat8.9S_lon37.4W,0.0014949970225440778,0.0009368915743712811,9
3,tp_lat8.9S_lon37.4W,0.0024859354536081097,0.0015214890005238622,10
4,tp_lat8.9S_lon37.4W,0.00217843991644743,0.0013300533414453979,10
5,tp_lat8.9S_lon37.4W,0.00185505782603822,0.000929289012933495,10
6,tp_lat8.9S_lon37.4W,0.0015510073043239502,0.001036033981422639,10
7,tp_lat8.9S_lon37.4W,0.0013076283762010101,0.0006983303735844662,10
8,tp_lat8.9S_lon37.4W,0.0007776058955166699,0.0004371867019354351,10
9,tp_lat8.9S_lon37.4W,0.0005098590240289747,0.0002589199370027858,10
10,tp_lat8.9S_lon37.4W,0.00028573222982828994,0.0001414345926195978,10
11,tp_lat8.9S_lon37.4W,0.0006246755186794182,0.0008714096139640815,10
12,tp_lat8.9S_lon37.4W,0.0005954908536451701,0.0002661083171216557,10
1,tp_lat10.4S_lon41.0W,0.00249390029782247,0.0030009834754922532,10
2,tp_lat10.4S_lon41.0W,0.00222582076262049,0.0013156076544332245,10
3,tp_lat10.4S_lon41.0W,0.0021222805492400196,0.0012654264613054746,10
4,tp_lat10.4S_lon41.0W,0.0013837519839895,0.0008367858813388466,10
5,tp_lat10.4S_lon41.0W,0.00071556609821288,0.0005353717337814892,10
6,tp_lat10.4S_lon41.0W,0.00045948155169091,0.000251210811090041,10
7,tp_lat10.4S_lon41.0W,0.00038027618224650004,0.00018797826112687283,10
8,tp_lat10.4S_lon41.0W,0.00031003349585340676,0.00013513751716289122,10
9,tp_lat10.4S_lon41.0W,0.00020900000925228555,0.00015992769700571628,10
10,tp_lat10.4S_lon41.0W,0.0006810578756747837,0.0004892885994646801,10
11,tp_lat10.4S_lon41.0W,0.0019319460102818174,0.0021438330561047527,10
12,tp_lat10.4S_lon41.0W,0.001753961598359606,0.002054866343864918,10
1,tp_lat11.7S_lon42.0W,0.00318696728442817,0.0041798255116408806,10
2,tp_lat11.7S_lon42.0W,0.0024777170147124794,0.0012486173330380477,10
3,tp_lat11.7S_lon42.0W,0.0022195935650564796,0.0018159620256086835,10
4,tp_lat11.7S_lon42.0W,0.00188705699065445,0.0015385942918107276,10
5,tp_lat11.7S_lon42.0W,0.00059568540605631,0.0004044206805949559,10
6,tp_lat11.7S_lon42.0W,0.00036600415249298,0.0001344561176651576,10
7,tp_lat11.7S_lon42.0W,0.0003761217639965,0.00013881218650103403,10
8,tp_lat11.7S_lon42.0W,0.00033630706872633,0.00012233050844483975,10
9,tp_lat11.7S_lon42.0W,0.00034330983512633856,0.0002519634923113933,10
10,tp_lat11.7S_lon42.0W,0.0009871871100435442,0.0006145595641221202,10
11,tp_lat11.7S_lon42.0W,0.0033120712693385105,0.0026205618819816487,10
12,tp_lat11.7S_lon42.0W,0.0025406218185403,0.0026366339534122196,10
1,tp_lat14.1S_lon42.5W,0.00445554472260547,0.004756532863491575,10
2,tp_lat14.1S_lon42.5W,0.0036225857643910897,0.0023562457869306746,10
3,tp_lat14.1S_lon42.5W,0.0021765590411833,0.0022291318934049,10
4,tp_lat14.1S_lon42.5W,0.0013491115267290096,0.000851997487088,10
5,tp_lat14.1S_lon42.5W,0.00036233751757921707,0.0003243069546038616,10
6,tp_lat14.1S_lon42.5W,0.000235621704964798,0.00010661680991119572,10
7,tp_lat14.1S_lon42.5W,0.0002204985934451073,0.00010355785927606732,10
8,tp_lat14.1S_lon42.5W,0.00019855313332988,0.00011171509717712327,10
9,tp_lat14.1S_lon42.5W,0.00022288876032291083,0.00023349192216730894,10
10,tp_lat14.1S_lon42.5W,0.00121695897282683,0.0009297514297956838,10
11,tp_lat14.1S_lon42.5W,0.00480577353594502,0.0029135913443425862,10
12,tp_lat14.1S_lon42.5W,0.004624879157718391,0.004529685214122325,10
1,tp_lat8.1S_lon41.0W,0.0035907491986325105,0.002847005875090501,9
2,tp_lat8.1S_lon41.0W,0.0044079995220823,0.002402750412078204,9
3,tp_lat8.1S_lon41.0W,0.0048406092672611005,0.0021258257668600893,9
4,tp_lat8.1S_lon41.0W,0.002635189761125711,0.0010676724381403799,9
5,tp_lat8.1S_lon41.0W,0.0006579074147648333,0.0004067874659032647,9
6,tp_lat8.1S_lon41.0W,0.00017568167026846,0.0001001019787903774,9
7,tp_lat8.1S_lon41.0W,0.0001015692896883627,6.598027614873273e-05,9
8,tp_lat8.1S_lon41.0W,2.9593829086150522e-05,3.0328359393964162e-05,10
9,tp_lat8.1S_lon41.0W,1.8711718937512978e-05,2.281368415786229e-05,10
10,tp_lat8.1S_lon41.0W,0.00033071910399473545,0.0004290537686752627,10
11,tp_lat8.1S_lon41.0W,0.001245493210904905,0.0015145176152420077,10
12,tp_lat8.1S_lon41.0W,0.00136990267319261,0.0012800164282514208,10
1,sst_lat3.7S_lon41.1W,301.5060205602653,0.39437616013748844,10
2,sst_lat3.7S_lon41.1W,301.69254755949976,0.35039839993629257,10
3,sst_lat3.7S_lon41.1W,302.00977474987246,0.37163148300708515,10
4,sst_lat3.7S_lon41.1W,302.17675870356777,0.339794210050218,10
5,sst_lat3.7S_lon41.1W,302.0120823932423,0.29295783543516274,10
6,sst_lat3.7S_lon41.1W,301.4477475130994,0.2693457706710651,10
7,sst_lat3.7S_lon41.1W,300.6258039787218,0.21079842005228158,10
8,sst_lat3.7S_lon41.1W,300.08336474111695,0.16445899650064494,10
9,sst_lat3.7S_lon41.1W,300.0407942658741,0.2532177981442271,10
10,sst_lat3.7S_lon41.1W,300.48926260619027,0.27825860440802636,10
11,sst_lat3.7S_lon41.1W,300.9718705030667,0.33654526505594495,10
12,sst_lat3.7S_lon41.1W,301.3122670726361,0.22470048551684882,10
1,sst_lat3.1S_lon39.7W,301.5060205602653,0.39437616013748844,10
2,sst_lat3.1S_lon39.7W,301.69254755949976,0.35039839993629257,10
3,sst_lat3.1S_lon39.7W,302.00977474987246,0.37163148300708515,10
4,sst_lat3.1S_lon39.7W,302.17675870356777,0.339794210050218,10
5,sst_lat3.1S_lon39.7W,302.0120823932423,0.29295783543516274,10
6,sst_lat3.1S_lon39.7W,301.4477475130994,0.2693457706710651,10
7,sst_lat3.1S_lon39.7W,300.6258039787218,0.21079842005228158,10
8,sst_lat3.1S_lon39.7W,300.08336474111695,0.16445899650064494,10
9,sst_lat3.1S_lon39.7W,300.0407942658741,0.2532177981442271,10
10,sst_lat3.1S_lon39.7W,300.48926260619027,0.27825860440802636,10
11,sst_lat3.1S_lon39.7W,300.9718705030667,0.33654526505594495,10
12,sst_lat3.1S_lon39.7W,301.3122670726361,0.22470048551684882,10
1,sst_lat5.1S_lon36.4W,301.48449838621667,0.3781105824400775,10
2,sst_lat5.1S_lon36.4W,301.8224057469683,0.3547264085950255,10
3,sst_lat5.1S_lon36.4W,302.1939197515119,0.4514999310269018,10
4,sst_lat5.1S_lon36.4W,302.2765425936128,0.4245532632679981,10
5,sst_lat5.1S_lon36.4W,301.88011060003305,0.3286576869982786,10
6,sst_lat5.1S_lon36.4W,301.06675052173557,0.22305968618998884,10
7,sst_lat5.1S_lon36.4W,300.16838017744266,0.21522493671648377,10
8,sst_lat5.1S_lon36.4W,299.73220412835997,0.16907955119024784,10
9,sst_lat5.1S_lon36.4W,299.8136484765218,0.2592339464373055,10
10,sst_lat5.1S_lon36.4W,300.3426818805443,0.25682440658396966,10
11,sst_lat5.1S_lon36.4W,300.83521410004073,0.3049957257644114,10
12,sst_lat5.1S_lon36.4W,301.21892263227585,0.21187709833451113,10
1,sst_lat6.2S_lon36.4W,301.48449838621667,0.3781105824400775,10
2,sst_lat6.2S_lon36.4W,301.8224057469683,0.3547264085950255,10
3,sst_lat6.2S_lon36.4W,302.1939197515119,0.4514999310269018,10
4,sst_lat6.2S_lon36.4W,302.2765425936128,0.4245532632679981,10
5,sst_lat6.2S_lon36.4W,301.88011060003305,0.3286576869982786,10
6,sst_lat6.2S_lon36.4W,301.06675052173557,0.22305968618998884,10
7,sst_lat6.2S_lon36.4W,300.16838017744266,0.21522493671648377,10
8,sst_lat6.2S_lon36.4W,299.73220412835997,0.16907955119024784,10
9,sst_lat6.2S_lon36.4W,299.8136484765218,0.2592339464373055,10
10,sst_lat6.2S_lon36.4W,300.3426818805443,0.25682440658396966,10
11,sst_lat6.2S_lon36.4W,300.83521410004073,0.3049957257644114,10
12,sst_lat6.2S_lon36.4W,301.21892263227585,0.21187709833451113,10
1,sst_lat8.9S_lon37.4W,301.5377532673879,0.3590719112880457,9
2,sst_lat8.9S_lon37.4W,301.8651536875116,0.34785281491056025,9
3,sst_lat8.9S_lon37.4W,302.1939197515119,0.4514999310269018,10
4,sst_lat8.9S_lon37.4W,302.2765425936128,0.4245532632679981,10
5,sst_lat8.9S_lon37.4W,301.88011060003305,0.3286576869982786,10
6,sst_lat8.9S_lon37.4W,301.06675052173557,0.22305968618998884,10
7,sst_lat8.9S_lon37.4W,300.16838017744266,0.21522493671648377,10
8,sst_lat8.9S_lon37.4W,299.73220412835997,0.16907955119024784,10
9,sst_lat8.9S_lon37.4W,299.8136484765218,0.2592339464373055,10
10,sst_lat8.9S_lon37.4W,300.3426818805443,0.25682440658396966,10
11,sst_lat8.9S_lon37.4W,300.83521410004073,0.3049957257644114,10
12,sst_lat8.9S_lon37.4W,301.21892263227585,0.21187709833451113,10
1,sst_lat10.4S_lon41.0W,301.48449838621667,0.3781105824400775,10
2,sst_lat10.4S_lon41.0W,301.8224057469683,0.3547264085950255,10
3,sst_lat10.4S_lon41.0W,302.1939197515119,0.4514999310269018,10
4,sst_lat10.4S_lon41.0W,302.2765425936128,0.4245532632679981,10
5,sst_lat10.4S_lon41.0W,301.88011060003305,0.3286576869982786,10
6,sst_lat10.4S_lon41.0W,301.06675052173557,0.22305968618998884,10
7,sst_lat10.4S_lon41.0W,300.16838017744266,0.21522493671648377,10
8,sst_lat10.4S_lon41.0W,299.73220412835997,0.16907955119024784,10
9,sst_lat10.4S_lon41.0W,299.8136484765218,0.2592339464373055,10
10,sst_lat10.4S_lon41.0W,300.3426818805443,0.25682440658396966,10
11,sst_lat10.4S_lon41.0W,300.83521410004073,0.3049957257644114,10
12,sst_lat10.4S_lon41.0W,301.21892263227585,0.21187709833451113,10
1,sst_lat11.7S_lon42.0W,301.48449838621667,0.3781105824400775,10
2,sst_lat11.7S_lon42.0W,301.8224057469683,0.3547264085950255,10
3,sst_lat11.7S_lon42.0W,302.1939197515119,0.4514999310269018,10
4,sst_lat11.7S_lon42.0W,302.2765425936128,0.4245532632679981,10
5,sst_lat11.7S_lon42.0W,301.88011060003305,0.3286576869982786,10
6,sst_lat11.7S_lon42.0W,301.06675052173557,0.22305968618998884,10
7,sst_lat11.7S_lon42.0W,300.16838017744266,0.21522493671648377,10
8,sst_lat11.7S_lon42.0W,299.73220412835997,0.16907955119024784,10
9,sst_lat11.7S_lon42.0W,299.8136484765218,0.2592339464373055,10
10,sst_lat11.7S_lon42.0W,300.3426818805443,0.25682440658396966,10
11,sst_lat11.7S_lon42.0W,300.83521410004073,0.3049957257644114,10
12,sst_lat11.7S_lon42.0W,301.21892263227585,0.21187709833451113,10
1,sst_lat14.1S_lon42.5W,301.48449838621667,0.3781105824400775,10
2,sst_lat14.1S_lon42.5W,301.8224057469683,0.3547264085950255,10
3,sst_lat14.1S_lon42.5W,302.1939197515119,0.4514999310269018,10
4,sst_lat14.1S_lon42.5W,302.2765425936128,0.4245532632679981,10
5,sst_lat14.1S_lon42.5W,301.88011060003305,0.3286576869982786,10
6,sst_lat14.1S_lon42.5W,301.06675052173557,0.22305968618998884,10
7,sst_lat14.1S_lon42.5W,300.16838017744266,0.21522493671648377,10
8,sst_lat14.1S_lon42.5W,299.73220412835997,0.16907955119024784,10
9,sst_lat14.1S_lon42.5W,299.8136484765218,0.2592339464373055,10
10,sst_lat14.1S_lon42.5W,300.3426818805443,0.25682440658396966,10
11,sst_lat14.1S_lon42.5W,300.83521410004073,0.3049957257644114,10
12,sst_lat14.1S_lon42.5W,301.21892263227585,0.21187709833451113,10
1,sst_lat8.1S_lon41.0W,301.579162269093,0.3388065708929133,9
2,sst_lat8.1S_lon41.0W,301.74326283641096,0.3304405790012049,9
3,sst_lat8.1S_lon41.0W,302.0722845044126,0.333788365831849,9
4,sst_lat8.1S_lon41.0W,302.21475887959326,0.3371164010092483,9
5,sst_lat8.1S_lon41.0W,302.040394072602,0.2958629397945083,9
6,sst_lat8.1S_lon41.0W,301.46780486625704,0.277650303933103,9
7,sst_lat8.1S_lon41.0W,300.6396212500624,0.21872963796996392,9
8,sst_lat8.1S_lon41.0W,300.08336474111695,0.16445899650064494,10
9,sst_lat8.1S_lon41.0W,300.0407942658741,0.2532177981442271,10
10,sst_lat8.1S_lon41.0W,300.48926260619027,0.27825860440802636,10
11,sst_lat8.1S_lon41.0W,300.9718705030667,0.33654526505594495,10
12,sst_lat8.1S_lon41.0W,301.3122670726361,0.22470048551684882,10
1,zust_lat3.7S_lon41.1W,0.21272302103336943,0.04825402579758972,10
2,zust_lat3.7S_lon41.1W,0.1850160632520614,0.04032352963012008,10
3,zust_lat3.7S_lon41.1W,0.15704059565840756,0.030290368608993985,10
4,zust_lat3.7S_lon41.1W,0.15672300232434486,0.033415612223164366,10
5,zust_lat3.7S_lon41.1W,0.18325016301299685,0.034120500456426256,10
6,zust_lat3.7S_lon41.1W,0.21599944757001,0.03487064324660436,10
7,zust_lat3.7S_lon41.1W,0.24914254312365353,0.032423439314685554,10
8,zust_lat3.7S_lon41.1W,0.27637135636133026,0.04243127153703633,10
9,zust_lat3.7S_lon41.1W,0.3103332520949064,0.039062439806286785,10
10,zust_lat3.7S_lon41.1W,0.31213410974130046,0.03745068162402037,10
11,zust_lat3.7S_lon41.1W,0.29003005393827674,0.041950787781545526,10
12,zust_lat3.7S_lon41.1W,0.2660198789833922,0.04203580001904231,10
1,zust_lat3.1S_lon39.7W,0.2369969871742224,0.03483251093600636,10
2,zust_lat3.1S_lon39.7W,0.2109854056405661,0.0341155249766389,10
3,zust_lat3.1S_lon39.7W,0.17805546356642998,0.026339333124747275,10
4,zust_lat3.1S_lon39.7W,0.19280647444503934,0.029499274025383833,10
5,zust_lat3.1S_lon39.7W,0.23923815633395767,0.017230994021535086,10
6,zust_lat3.1S_lon39.7W,0.2822718182572271,0.021049305947562515,10
7,zust_lat3.1S_lon39.7W,0.3196469523057506,0.014246009166923616,10
8,zust_lat3.1S_lon39.7W,0.35346926379046545,0.012865050926002784,10
9,zust_lat3.1S_lon39.7W,0.3690240349865784,0.010891647324412935,10
10,zust_lat3.1S_lon39.7W,0.34898877361574243,0.0186402979523036,10
11,zust_lat3.1S_lon39.7W,0.3207879675314203,0.02191767753561595,10
12,zust_lat3.1S_lon39.7W,0.29174694797373124,0.02330248182457958,10
1,zust_lat5.1S_lon36.4W,0.28540247133173957,0.038168605407995555,10
2,zust_lat5.1S_lon36.4W,0.26593694210403296,0.03180160562418022,10
3,zust_lat5.1S_lon36.4W,0.2286135405265894,0.03735986873101284,10
4,zust_lat5.1S_lon36.4W,0.24007817204882223,0.03392120502511147,10
5,zust_lat5.1S_lon36.4W,0.27797046562920585,0.019341489746665316,10
6,zust_lat5.1S_lon36.4W,0.30897690097479513,0.024736008993896972,10
7,zust_lat5.1S_lon36.4W,0.34153467259984543,0.01663155443510989,10
8,zust_lat5.1S_lon36.4W,0.3746658429083656,0.016409286642151,10
9,zust_lat5.1S_lon36.4W,0.3868548247395971,0.017319861344439844,10
10,zust_lat5.1S_lon36.4W,0.37317587940875846,0.017396441750254402,10
11,zust_lat5.1S_lon36.4W,0.3516771160697326,0.022876184808736388,10
12,zust_lat5.1S_lon36.4W,0.32909503023302616,0.016308017716199958,10
1,zust_lat6.2S_lon36.4W,0.30322066002098835,0.04533090126319565,10
2,zust_lat6.2S_lon36.4W,0.28302446861198616,0.03179340622048223,10
3,zust_lat6.2S_lon36.4W,0.24525751173236326,0.04239288322983934,10
4,zust_lat6.2S_lon36.4W,0.2526283972849953,0.03999676921509456,10
5,zust_lat6.2S_lon36.4W,0.2939858186222979,0.014797087151222146,10
6,zust_lat6.2S_lon36.4W,0.32934433600975666,0.026006586100504676,10
7,zust_lat6.2S_lon36.4W,0.3662955452670861,0.015126819253965116,10
8,zust_lat6.2S_lon36.4W,0.40482030464202196,0.01775497441004761,10
9,zust_lat6.2S_lon36.4W,0.4163473735815195,0.023882063888849003,10
10,zust_lat6.2S_lon36.4W,0.39855073313218414,0.021919929582729647,10
11,zust_lat6.2S_lon36.4W,0.3767694091574153,0.03524252694252726,10
12,zust_lat6.2S_lon36.4W,0.35210848661661825,0.02573785717195204,10
1,zust_lat8.9S_lon37.4W,0.24351393630835272,0.027817946022217287,9
2,zust_lat8.9S_lon37.4W,0.23936367469673922,0.023044569628857054,9
3,zust_lat8.9S_lon37.4W,0.22417032613313764,0.030003948851123934,10
4,zust_lat8.9S_lon37.4W,0.21924969742808895,0.02852105886910218,10
5,zust_lat8.9S_lon37.4W,0.24053347718966395,0.027287414018759,10
6,zust_lat8.9S_lon37.4W,0.26048372990969604,0.024109008690156385,10
7,zust_lat8.9S_lon37.4W,0.2815326907420347,0.029807896775484802,10
8,zust_lat8.9S_lon37.4W,0.29145302397159933,0.021753555822512153,10
9,zust_lat8.9S_lon37.4W,0.30461487666761106,0.015516081278340376,10
10,zust_lat8.9S_lon37.4W,0.3044576746816178,0.01810532178702554,10
11,zust_lat8.9S_lon37.4W,0.28663601140872175,0.022707274905929473,10
12,zust_lat8.9S_lon37.4W,0.27888319236331965,0.021247555081948234,10
1,zust_lat10.4S_lon41.0W,0.21970233315725443,0.06496443648113734,10
2,zust_lat10.4S_lon41.0W,0.21183438971673949,0.04621372828323183,10
3,zust_lat10.4S_lon41.0W,0.22033084179073356,0.03707664349468752,10
4,zust_lat10.4S_lon41.0W,0.2462207841306065,0.04104468131509174,10
5,zust_lat10.4S_lon41.0W,0.286835105730205,0.03876122292347473,10
6,zust_lat10.4S_lon41.0W,0.3127757117375566,0.03151641951307547,10
7,zust_lat10.4S_lon41.0W,0.3299116981659389,0.03880467362216778,10
8,zust_lat10.4S_lon41.0W,0.3253857844502279,0.028369268760848484,10
9,zust_lat10.4S_lon41.0W,0.3237416703770122,0.03055456404195995,10
10,zust_lat10.4S_lon41.0W,0.29395833288264434,0.042012104722485615,10
11,zust_lat10.4S_lon41.0W,0.25031376422135104,0.04313954111962975,10
12,zust_lat10.4S_lon41.0W,0.23489097488955232,0.04554125903998012,10
1,zust_lat11.7S_lon42.0W,0.18639901599706493,0.03975312706998384,10
2,zust_lat11.7S_lon42.0W,0.17959760264082802,0.02505965045235109,10
3,zust_lat11.7S_lon42.0W,0.18806146041584665,0.028395029273203455,10
4,zust_lat11.7S_lon42.0W,0.20553594641739278,0.023647871784014323,10
5,zust_lat11.7S_lon42.0W,0.22914490867053697,0.015585293576180617,10
6,zust_lat11.7S_lon42.0W,0.2584196379140461,0.020067900676030013,10
7,zust_lat11.7S_lon42.0W,0.27652663296113084,0.02120852026547473,10
8,zust_lat11.7S_lon42.0W,0.2794093915315398,0.021979593431457604,10
9,zust_lat11.7S_lon42.0W,0.2829280364705232,0.02584752233177953,10
10,zust_lat11.7S_lon42.0W,0.26026789177639575,0.019340366773217904,10
11,zust_lat11.7S_lon42.0W,0.21249873885248718,0.0245499173627027,10
12,zust_lat11.7S_lon42.0W,0.20095887172067162,0.028962688762189343,10
1,zust_lat14.1S_lon42.5W,0.1656486868295231,0.039732987976870325,10
2,zust_lat14.1S_lon42.5W,0.15612324801687585,0.027665901497175047,10
3,zust_lat14.1S_lon42.5W,0.17203932132542313,0.028208902750667328,10
4,zust_lat14.1S_lon42.5W,0.18928348125792024,0.02388654409715042,10
5,zust_lat14.1S_lon42.5W,0.19858372662174362,0.019407611200457274,10
6,zust_lat14.1S_lon42.5W,0.21905074257079718,0.022923331039243273,10
7,zust_lat14.1S_lon42.5W,0.23721376257961363,0.027057547445125008,10
8,zust_lat14.1S_lon42.5W,0.2506795189101373,0.019987554198828736,10
9,zust_lat14.1S_lon42.5W,0.2553088726993216,0.020327436486388767,10
10,zust_lat14.1S_lon42.5W,0.238843126470889,0.02310328594276712,10
11,zust_lat14.1S_lon42.5W,0.1881983712631996,0.020284415304752407,10
12,zust_lat14.1S_lon42.5W,0.16778694079334389,0.030699295446467916,10
1,zust_lat8.1S_lon41.0W,0.1864330660091397,0.03352461674829671,9
2,zust_lat8.1S_lon41.0W,0.1815175354198393,0.030090284723900063,9
3,zust_lat8.1S_lon41.0W,0.17654346713019134,0.023983159589456366,9
4,zust_lat8.1S_lon41.0W,0.21903259635787806,0.027540772238631293,9
5,zust_lat8.1S_lon41.0W,0.29996435033197216,0.030481473772168425,9
6,zust_lat8.1S_lon41.0W,0.3634391991309408,0.017724169899201427,9
7,zust_lat8.1S_lon41.0W,0.39884640294705115,0.028289648539816768,9
8,zust_lat8.1S_lon41.0W,0.39523361222323083,0.025707465512745737,10
9,zust_lat8.1S_lon41.0W,0.3733732620652043,0.03696918468717766,10
10,zust_lat8.1S_lon41.0W,0.3174422191979212,0.032150849857869035,10
11,zust_lat8.1S_lon41.0W,0.25502763678284046,0.03318705537091817,10
12,zust_lat8.1S_lon41.0W,0.23741102921862875,0.031816444981275296,10
1,densidade_ar_lat3.7S_lon41.1W,1.1429330733577872,0.01390010101213313,10
2,densidade_ar_lat3.7S_lon41.1W,1.1448036104326604,0.013614211998954207,10
3,densidade_ar_lat3.7S_lon41.1W,1.1461175452178145,0.013113027786617725,10
4,densidade_ar_lat3.7S_lon41.1W,1.1456456533005484,0.013283326793025503,10
5,densidade_ar_lat3.7S_lon41.1W,1.145154158341733,0.012844336742223525,10
6,densidade_ar_lat3.7S_lon41.1W,1.14601299668838,0.013100945462515095,10
7,densidade_ar_lat3.7S_lon41.1W,1.1460214144860967,0.01352114082979918,10
8,densidade_ar_lat3.7S_lon41.1W,1.1440457313104844,0.013730755988305112,10
9,densidade_ar_lat3.7S_lon41.1W,1.1410678747632395,0.015010037267504675,10
10,densidade_ar_lat3.7S_lon41.1W,1.1359308963783301,0.01167463427624425,10
11,densidade_ar_lat3.7S_lon41.1W,1.1337096912360753,0.01145253772156438,10
12,densidade_ar_lat3.7S_lon41.1W,1.1351359882260526,0.011375979190771913,10
1,densidade_ar_lat3.1S_lon39.7W,1.1735610535787158,0.001546175297431758,10
2,densidade_ar_lat3.1S_lon39.7W,1.1740409041653657,0.0013030325713174128,10
3,densidade_ar_lat3.1S_lon39.7W,1.1742052593237247,0.0015479024906096491,10
4,densidade_ar_lat3.1S_lon39.7W,1.1736413099912013,0.0016290624700417745,10
5,densidade_ar_lat3.1S_lon39.7W,1.1732992060749512,0.0013552615817449668,10
6,densidade_ar_lat3.1S_lon39.7W,1.1754957231280476,0.0010881790954299494,10
7,densidade_ar_lat3.1S_lon39.7W,1.1775155245509108,0.0007246113592300019,10
8,densidade_ar_lat3.1S_lon39.7W,1.1778505083487392,0.0009973913571410273,10
9,densidade_ar_lat3.1S_lon39.7W,1.1769724069313159,0.0008241010691732071,10
10,densidade_ar_lat3.1S_lon39.7W,1.174339391465772,0.0011727781166554815,10
11,densidade_ar_lat3.1S_lon39.7W,1.1718047940016814,0.0011161905978982003,10
12,densidade_ar_lat3.1S_lon39.7W,1.1715861402591656,0.001654974990218152,10
1,densidade_ar_lat5.1S_lon36.4W,1.169021515902767,0.0017220485015149503,10
2,densidade_ar_lat5.1S_lon36.4W,1.1682654408420086,0.0014201351140666451,10
3,densidade_ar_lat5.1S_lon36.4W,1.1689478889110378,0.0015696463176297808,10
4,densidade_ar_lat5.1S_lon36.4W,1.169235377498652,0.0016193662902508322,10
5,densidade_ar_lat5.1S_lon36.4W,1.1709717807133617,0.0019175280780043588,10
6,densidade_ar_lat5.1S_lon36.4W,1.1751498184980256,0.0012916455427893114,10
7,densidade_ar_lat5.1S_lon36.4W,1.1783648237330664,0.0016668532764994076,10
8,densidade_ar_lat5.1S_lon36.4W,1.1776925829352438,0.0013938765956396232,10
9,densidade_ar_lat5.1S_lon36.4W,1.1754016540333805,0.0013766283016018923,10
10,densidade_ar_lat5.1S_lon36.4W,1.171493048770365,0.0014729208409782384,10
11,densidade_ar_lat5.1S_lon36.4W,1.1683829548037852,0.0013033840910026762,10
12,densidade_ar_lat5.1S_lon36.4W,1.1676996455144928,0.0016970788108088997,10
1,densidade_ar_lat6.2S_lon36.4W,1.1458698750680916,0.007680788269303481,10
2,densidade_ar_lat6.2S_lon36.4W,1.1449029117020175,0.005658655111127845,10
3,densidade_ar_lat6.2S_lon36.4W,1.1462821020288871,0.005611673357669273,10
4,densidade_ar_lat6.2S_lon36.4W,1.1475501345361416,0.00525454096240653,10
5,densidade_ar_lat6.2S_lon36.4W,1.150056218285529,0.004703712169105753,10
6,densidade_ar_lat6.2S_lon36.4W,1.1547322579499668,0.004863776309858302,10
7,densidade_ar_lat6.2S_lon36.4W,1.1576900934683367,0.005294026890939341,10
8,densidade_ar_lat6.2S_lon36.4W,1.1553288192695494,0.00549986029068305,10
9,densidade_ar_lat6.2S_lon36.4W,1.1516312287076673,0.0052326611545078765,10
10,densidade_ar_lat6.2S_lon36.4W,1.1464642036298127,0.006139100216358637,10
11,densidade_ar_lat6.2S_lon36.4W,1.143043194456661,0.0057974057228134136,10
12,densidade_ar_lat6.2S_lon36.4W,1.1429269316659254,0.0060354985115330575,10
1,densidade_ar_lat8.9S_lon37.4W,1.0971362041008847,0.002599867791080561,9
2,densidade_ar_lat8.9S_lon37.4W,1.096006299784473,0.0027327896290822644,9
3,densidade_ar_lat8.9S_lon37.4W,1.098359808525817,0.0051740020133352336,10
4,densidade_ar_lat8.9S_lon37.4W,1.1011421164160997,0.003943347140436313,10
5,densidade_ar_lat8.9S_lon37.4W,1.107420366214938,0.005191578739712234,10
6,densidade_ar_lat8.9S_lon37.4W,1.114324112716892,0.006173628526149617,10
7,densidade_ar_lat8.9S_lon37.4W,1.1182272809848617,0.006011631630991797,10
8,densidade_ar_lat8.9S_lon37.4W,1.1162791301595232,0.006275217566229252,10
9,densidade_ar_lat8.9S_lon37.4W,1.1103928392688391,0.005141629511723938,10
10,densidade_ar_lat8.9S_lon37.4W,1.1021964173562633,0.005856580985460677,10
11,densidade_ar_lat8.9S_lon37.4W,1.0972118331181497,0.003956438554827041,10
12,densidade_ar_lat8.9S_lon37.4W,1.0974249446315412,0.0055689632537649775,10
1,densidade_ar_lat10.4S_lon41.0W,1.0975062730366358,0.005616204401584021,10
2,densidade_ar_lat10.4S_lon41.0W,1.0972995358325501,0.006364940693308308,10
3,densidade_ar_lat10.4S_lon41.0W,1.0967140585151025,0.005008101246686356,10
4,densidade_ar_lat10.4S_lon41.0W,1.09928896109582,0.005592563654737385,10
5,densidade_ar_lat10.4S_lon41.0W,1.1054789520349884,0.006169153214177549,10
6,densidade_ar_lat10.4S_lon41.0W,1.112449024074361,0.005887634347970771,10
7,densidade_ar_lat10.4S_lon41.0W,1.1157800048829019,0.006382619104998758,10
8,densidade_ar_lat10.4S_lon41.0W,1.112604174563931,0.005807907646994752,10
9,densidade_ar_lat10.4S_lon41.0W,1.1048762256212474,0.007255331221458377,10
10,densidade_ar_lat10.4S_lon41.0W,1.095725433056046,0.006894280665943822,10
11,densidade_ar_lat10.4S_lon41.0W,1.0945434508448373,0.004977948056973271,10
12,densidade_ar_lat10.4S_lon41.0W,1.0938620483914492,0.005652493737555033,10
1,densidade_ar_lat11.7S_lon42.0W,1.0774819581873811,0.010829971790532297,10
2,densidade_ar_lat11.7S_lon42.0W,1.0779396110728796,0.010391527448195104,10
3,densidade_ar_lat11.7S_lon42.0W,1.0773160373479778,0.01148729841716981,10
4,densidade_ar_lat11.7S_lon42.0W,1.0797384083426649,0.011243606328364852,10
5,densidade_ar_lat11.7S_lon42.0W,1.08768300411985,0.009425314231871934,10
6,densidade_ar_lat11.7S_lon42.0W,1.0940685192378363,0.009288094713540956,10
7,densidade_ar_lat11.7S_lon42.0W,1.097704043423645,0.009010612562357644,10
8,densidade_ar_lat11.7S_lon42.0W,1.0943523726451785,0.008964736223461863,10
9,densidade_ar_lat11.7S_lon42.0W,1.0869127572686956,0.009592331021743051,10
10,densidade_ar_lat11.7S_lon42.0W,1.077726336691233,0.008272506382334696,10
11,densidade_ar_lat11.7S_lon42.0W,1.0785503112521897,0.01183502240067742,10
12,densidade_ar_lat11.7S_lon42.0W,1.078051451807918,0.010083538556377742,10
1,densidade_ar_lat14.1S_lon42.5W,1.084805313887259,0.003431990075232248,10
2,densidade_ar_lat14.1S_lon42.5W,1.0852710883775083,0.002694856190395885,10
3,densidade_ar_lat14.1S_lon42.5W,1.084096541166163,0.003786518360267724,10
4,densidade_ar_lat14.1S_lon42.5W,1.0874236505183277,0.003454043420687849,10
5,densidade_ar_lat14.1S_lon42.5W,1.0944651704040518,0.0036256070253909323,10
6,densidade_ar_lat14.1S_lon42.5W,1.1009998805507368,0.0026399308252745544,10
7,densidade_ar_lat14.1S_lon42.5W,1.1043491380797106,0.0035964398517609655,10
8,densidade_ar_lat14.1S_lon42.5W,1.0988755464135687,0.00396950991326327,10
9,densidade_ar_lat14.1S_lon42.5W,1.0900583178223735,0.005339824488899788,10
10,densidade_ar_lat14.1S_lon42.5W,1.081129231641482,0.0028112223960744436,10
11,densidade_ar_lat14.1S_lon42.5W,1.0839633797705024,0.007430072702014533,10
12,densidade_ar_lat14.1S_lon42.5W,1.0835997920586984,0.0066092768898951115,10
1,densidade_ar_lat8.1S_lon41.0W,1.103262582097507,0.006119004564860237,9
2,densidade_ar_lat8.1S_lon41.0W,1.1047362281566426,0.004558065193513489,9
3,densidade_ar_lat8.1S_lon41.0W,1.1056723674024027,0.004674181198494822,9
4,densidade_ar_lat8.1S_lon41.0W,1.1058397087344245,0.0049194175523944155,9
5,densidade_ar_lat8.1S_lon41.0W,1.1075096245251819,0.005849757473195528,9
6,densidade_ar_lat8.1S_lon41.0W,1.111805667372674,0.0043629225471776565,9
7,densidade_ar_lat8.1S_lon41.0W,1.1136444175633047,0.004329021426490412,9
8,densidade_ar_lat8.1S_lon41.0W,1.1082600567266385,0.004960587241045567,10
9,densidade_ar_lat8.1S_lon41.0W,1.100733971388072,0.005191653524520853,10
10,densidade_ar_lat8.1S_lon41.0W,1.0935607842690729,0.004163382712757004,10
11,densidade_ar_lat8.1S_lon41.0W,1.0947144656419328,0.008070975739544161,10
12,densidade_ar_lat8.1S_lon41.0W,1.0976117443443727,0.007499553752534486,10
